day,length
7,0.231
24,0.309
47,0.414
67,0.40599999999999997
57,0.46399999999999997
83,0.8300000000000001
111,0.873
113,0.674
144,0.6809999999999999
171,0.876
221,1.066
473,1.125
