day,length
58,0.29300000000000004
90,0.331
90,0.362
90,0.398
90,0.45999999999999996
90,0.483
144,0.603
144,0.634
144,0.724
182,0.54
182,0.72
182,0.751
182,0.8089999999999999
220,1.0150000000000001
221,0.852
221,0.8130000000000001
245,0.968
244,0.906
245,0.867
