day,length
29,0.242
57,0.378
57,0.414
57,0.449
85,0.425
85,0.526
85,0.62
85,0.67
114,0.666
114,0.834
143,0.673
143,0.8019999999999999
143,0.829
143,0.8960000000000001
176,0.661
176,0.751
176,0.844
176,0.9650000000000001
199,0.8789999999999999
199,0.899
